/*
Navicat MySQL Data Transfer

Source Server         : MySQL
Source Server Version : 50625
Source Host           : localhost:3306
Source Database       : datatrade

Target Server Type    : MYSQL
Target Server Version : 50625
File Encoding         : 65001

Date: 2017-08-25 10:19:50
*/

SET FOREIGN_KEY_CHECKS=0;

-- ----------------------------
-- Table structure for auth_group
-- ----------------------------
DROP TABLE IF EXISTS `auth_group`;
CREATE TABLE `auth_group` (
  `id` int(11) NOT NULL AUTO_INCREMENT,
  `name` varchar(80) COLLATE utf8_bin NOT NULL,
  PRIMARY KEY (`id`),
  UNIQUE KEY `name` (`name`)
) ENGINE=InnoDB DEFAULT CHARSET=utf8 COLLATE=utf8_bin;

-- ----------------------------
-- Records of auth_group
-- ----------------------------

-- ----------------------------
-- Table structure for auth_group_permissions
-- ----------------------------
DROP TABLE IF EXISTS `auth_group_permissions`;
CREATE TABLE `auth_group_permissions` (
  `id` int(11) NOT NULL AUTO_INCREMENT,
  `group_id` int(11) NOT NULL,
  `permission_id` int(11) NOT NULL,
  PRIMARY KEY (`id`),
  UNIQUE KEY `group_id` (`group_id`,`permission_id`),
  KEY `auth_group_permissi_permission_id_23962d04_fk_auth_permission_id` (`permission_id`),
  CONSTRAINT `auth_group_permissi_permission_id_23962d04_fk_auth_permission_id` FOREIGN KEY (`permission_id`) REFERENCES `auth_permission` (`id`),
  CONSTRAINT `auth_group_permissions_group_id_58c48ba9_fk_auth_group_id` FOREIGN KEY (`group_id`) REFERENCES `auth_group` (`id`)
) ENGINE=InnoDB DEFAULT CHARSET=utf8 COLLATE=utf8_bin;

-- ----------------------------
-- Records of auth_group_permissions
-- ----------------------------

-- ----------------------------
-- Table structure for auth_permission
-- ----------------------------
DROP TABLE IF EXISTS `auth_permission`;
CREATE TABLE `auth_permission` (
  `id` int(11) NOT NULL AUTO_INCREMENT,
  `name` varchar(255) COLLATE utf8_bin NOT NULL,
  `content_type_id` int(11) NOT NULL,
  `codename` varchar(100) COLLATE utf8_bin NOT NULL,
  PRIMARY KEY (`id`),
  UNIQUE KEY `content_type_id` (`content_type_id`,`codename`),
  CONSTRAINT `auth_permissi_content_type_id_51277a81_fk_django_content_type_id` FOREIGN KEY (`content_type_id`) REFERENCES `django_content_type` (`id`)
) ENGINE=InnoDB AUTO_INCREMENT=37 DEFAULT CHARSET=utf8 COLLATE=utf8_bin;

-- ----------------------------
-- Records of auth_permission
-- ----------------------------
INSERT INTO `auth_permission` VALUES ('1', 'Can add log entry', '1', 'add_logentry');
INSERT INTO `auth_permission` VALUES ('2', 'Can change log entry', '1', 'change_logentry');
INSERT INTO `auth_permission` VALUES ('3', 'Can delete log entry', '1', 'delete_logentry');
INSERT INTO `auth_permission` VALUES ('4', 'Can add permission', '2', 'add_permission');
INSERT INTO `auth_permission` VALUES ('5', 'Can change permission', '2', 'change_permission');
INSERT INTO `auth_permission` VALUES ('6', 'Can delete permission', '2', 'delete_permission');
INSERT INTO `auth_permission` VALUES ('7', 'Can add group', '3', 'add_group');
INSERT INTO `auth_permission` VALUES ('8', 'Can change group', '3', 'change_group');
INSERT INTO `auth_permission` VALUES ('9', 'Can delete group', '3', 'delete_group');
INSERT INTO `auth_permission` VALUES ('10', 'Can add user', '4', 'add_user');
INSERT INTO `auth_permission` VALUES ('11', 'Can change user', '4', 'change_user');
INSERT INTO `auth_permission` VALUES ('12', 'Can delete user', '4', 'delete_user');
INSERT INTO `auth_permission` VALUES ('13', 'Can add content type', '5', 'add_contenttype');
INSERT INTO `auth_permission` VALUES ('14', 'Can change content type', '5', 'change_contenttype');
INSERT INTO `auth_permission` VALUES ('15', 'Can delete content type', '5', 'delete_contenttype');
INSERT INTO `auth_permission` VALUES ('16', 'Can add session', '6', 'add_session');
INSERT INTO `auth_permission` VALUES ('17', 'Can change session', '6', 'change_session');
INSERT INTO `auth_permission` VALUES ('18', 'Can delete session', '6', 'delete_session');
INSERT INTO `auth_permission` VALUES ('19', 'Can add person', '7', 'add_person');
INSERT INTO `auth_permission` VALUES ('20', 'Can change person', '7', 'change_person');
INSERT INTO `auth_permission` VALUES ('21', 'Can delete person', '7', 'delete_person');
INSERT INTO `auth_permission` VALUES ('22', 'Can add company', '8', 'add_company');
INSERT INTO `auth_permission` VALUES ('23', 'Can change company', '8', 'change_company');
INSERT INTO `auth_permission` VALUES ('24', 'Can delete company', '8', 'delete_company');
INSERT INTO `auth_permission` VALUES ('25', 'Can add news', '9', 'add_news');
INSERT INTO `auth_permission` VALUES ('26', 'Can change news', '9', 'change_news');
INSERT INTO `auth_permission` VALUES ('27', 'Can delete news', '9', 'delete_news');
INSERT INTO `auth_permission` VALUES ('28', 'Can add alldata', '10', 'add_alldata');
INSERT INTO `auth_permission` VALUES ('29', 'Can change alldata', '10', 'change_alldata');
INSERT INTO `auth_permission` VALUES ('30', 'Can delete alldata', '10', 'delete_alldata');
INSERT INTO `auth_permission` VALUES ('31', 'Can add datastate', '11', 'add_datastate');
INSERT INTO `auth_permission` VALUES ('32', 'Can change datastate', '11', 'change_datastate');
INSERT INTO `auth_permission` VALUES ('33', 'Can delete datastate', '11', 'delete_datastate');
INSERT INTO `auth_permission` VALUES ('34', 'Can add buydata', '12', 'add_buydata');
INSERT INTO `auth_permission` VALUES ('35', 'Can change buydata', '12', 'change_buydata');
INSERT INTO `auth_permission` VALUES ('36', 'Can delete buydata', '12', 'delete_buydata');

-- ----------------------------
-- Table structure for auth_user
-- ----------------------------
DROP TABLE IF EXISTS `auth_user`;
CREATE TABLE `auth_user` (
  `id` int(11) NOT NULL AUTO_INCREMENT,
  `password` varchar(128) COLLATE utf8_bin NOT NULL,
  `username` varchar(30) COLLATE utf8_bin NOT NULL,
  `email` varchar(254) COLLATE utf8_bin NOT NULL,
  `first_name` varchar(30) CHARACTER SET utf8 NOT NULL,
  `last_name` varchar(30) CHARACTER SET utf8 NOT NULL,
  `is_staff` tinyint(1) NOT NULL,
  `is_active` tinyint(1) NOT NULL,
  `date_joined` datetime(6) NOT NULL,
  `is_superuser` tinyint(1) NOT NULL,
  `last_login` datetime(6) DEFAULT NULL,
  PRIMARY KEY (`id`),
  UNIQUE KEY `username` (`username`)
) ENGINE=InnoDB AUTO_INCREMENT=33 DEFAULT CHARSET=utf8 COLLATE=utf8_bin;

-- ----------------------------
-- Records of auth_user
-- ----------------------------
INSERT INTO `auth_user` VALUES ('4', 'pbkdf2_sha256$20000$7ntxckTegIQT$1hwzGC4xhV74dINqJuAqK9xoQJh8kXz68ft6+i/uLzM=', '123@qq.com', '', '李志鹏', '', '0', '1', '2017-07-21 11:01:43.480000', '0', '2017-08-22 14:28:09.875000');
INSERT INTO `auth_user` VALUES ('5', 'pbkdf2_sha256$20000$XsVinZUHFYhX$CVevvHHEv3tYs1GCSbaX9qaGzEKD2lMOcR/XZA7+keo=', '12345678@qq.com', '', '张三', '', '0', '1', '2017-07-21 11:09:23.839000', '0', '2017-07-21 11:09:23.921000');
INSERT INTO `auth_user` VALUES ('20', 'pbkdf2_sha256$20000$QCijfKFIXaZw$0o5NL1yvLkBGPwxwOcBscLtuecTmMUg5zX9BzFo6cTE=', '1234@qq.com', '', '王', '', '0', '0', '2017-07-22 08:32:06.830000', '0', null);
INSERT INTO `auth_user` VALUES ('28', 'pbkdf2_sha256$20000$ytIJASnqKTmw$ZknLOMn6YOT2eeNLcanMVBiElwoo6N+VcSQRHmg0Tvc=', '2713219276@qq.com', '', '郭', '', '0', '0', '2017-07-22 11:44:56.294000', '0', null);
INSERT INTO `auth_user` VALUES ('29', 'pbkdf2_sha256$20000$MRbWaUx8k2hK$mo0D919TsxW3YsgVhHldoASFSrlWkNJk/VZXpYo1xM0=', 'root', '15754603160@163.com', '', '', '1', '1', '2017-07-27 07:36:22.796000', '1', '2017-08-06 12:30:57.932000');
INSERT INTO `auth_user` VALUES ('30', 'pbkdf2_sha256$20000$ZeQPwP8L3qYl$3qiHX3T8gShtizgCQPDk9q6xZ3eb2NdgT2TfwwBrfA4=', 'root2', '', '', '', '1', '1', '2017-07-27 07:38:28.000000', '0', '2017-08-18 10:22:33.052000');
INSERT INTO `auth_user` VALUES ('31', 'pbkdf2_sha256$20000$3Ij51svsG1Rl$bcCtiA5U8+FMbnmBA8w2aqG4OWp9uW5b2xtd7Q4Q3t8=', 'haha@qq.com', '', '子龙', '', '0', '1', '2017-07-27 07:54:01.033000', '0', '2017-08-07 02:53:20.575000');
INSERT INTO `auth_user` VALUES ('32', 'pbkdf2_sha256$20000$GvMfubuiPuAF$atyGt4/GUsACttopK+XBLVZ1CYCN7fnt8LT2Vb+XNOU=', '2070774655@qq.com', '', '子龙', '', '0', '0', '2017-07-27 12:52:06.058000', '0', null);

-- ----------------------------
-- Table structure for auth_user_groups
-- ----------------------------
DROP TABLE IF EXISTS `auth_user_groups`;
CREATE TABLE `auth_user_groups` (
  `id` int(11) NOT NULL AUTO_INCREMENT,
  `user_id` int(11) NOT NULL,
  `group_id` int(11) NOT NULL,
  PRIMARY KEY (`id`),
  UNIQUE KEY `user_id` (`user_id`,`group_id`),
  KEY `auth_user_groups_group_id_30a071c9_fk_auth_group_id` (`group_id`),
  CONSTRAINT `auth_user_groups_group_id_30a071c9_fk_auth_group_id` FOREIGN KEY (`group_id`) REFERENCES `auth_group` (`id`),
  CONSTRAINT `auth_user_groups_user_id_24702650_fk_auth_user_id` FOREIGN KEY (`user_id`) REFERENCES `auth_user` (`id`)
) ENGINE=InnoDB DEFAULT CHARSET=utf8 COLLATE=utf8_bin;

-- ----------------------------
-- Records of auth_user_groups
-- ----------------------------

-- ----------------------------
-- Table structure for auth_user_user_permissions
-- ----------------------------
DROP TABLE IF EXISTS `auth_user_user_permissions`;
CREATE TABLE `auth_user_user_permissions` (
  `id` int(11) NOT NULL AUTO_INCREMENT,
  `user_id` int(11) NOT NULL,
  `permission_id` int(11) NOT NULL,
  PRIMARY KEY (`id`),
  UNIQUE KEY `user_id` (`user_id`,`permission_id`),
  KEY `auth_user_user_perm_permission_id_3d7071f0_fk_auth_permission_id` (`permission_id`),
  CONSTRAINT `auth_user_user_perm_permission_id_3d7071f0_fk_auth_permission_id` FOREIGN KEY (`permission_id`) REFERENCES `auth_permission` (`id`),
  CONSTRAINT `auth_user_user_permissions_user_id_7cd7acb6_fk_auth_user_id` FOREIGN KEY (`user_id`) REFERENCES `auth_user` (`id`)
) ENGINE=InnoDB DEFAULT CHARSET=utf8 COLLATE=utf8_bin;

-- ----------------------------
-- Records of auth_user_user_permissions
-- ----------------------------

-- ----------------------------
-- Table structure for data_alldata
-- ----------------------------
DROP TABLE IF EXISTS `data_alldata`;
CREATE TABLE `data_alldata` (
  `id` int(11) NOT NULL AUTO_INCREMENT,
  `post_time` datetime(6) NOT NULL,
  `file` varchar(100) COLLATE utf8_bin NOT NULL,
  `file_name` varchar(50) COLLATE utf8_bin DEFAULT NULL,
  `file_scale` varchar(20) COLLATE utf8_bin DEFAULT NULL,
  `exchange` int(11) NOT NULL,
  `introduce` longtext COLLATE utf8_bin,
  `Show_demo` varchar(100) COLLATE utf8_bin NOT NULL,
  `price` int(11) NOT NULL,
  `limit` int(11) NOT NULL,
  `limit_count` varchar(10) COLLATE utf8_bin DEFAULT NULL,
  `type` int(10) DEFAULT NULL,
  `picture` varchar(100) COLLATE utf8_bin NOT NULL,
  `owner_id` int(11),
  `isaval` int(11) NOT NULL,
  `dataname` varchar(40) COLLATE utf8_bin,
  PRIMARY KEY (`id`),
  KEY `data_mydata_5e7b1936` (`owner_id`),
  CONSTRAINT `data_mydata_owner_id_4c25948_fk_auth_user_id` FOREIGN KEY (`owner_id`) REFERENCES `auth_user` (`id`)
) ENGINE=InnoDB AUTO_INCREMENT=66 DEFAULT CHARSET=utf8 COLLATE=utf8_bin;

-- ----------------------------
-- Records of data_alldata
-- ----------------------------
INSERT INTO `data_alldata` VALUES ('40', '2017-08-16 03:55:36.655000', 'file/wxParse-master.zip', 'wxParse-master.zip', '703.81KB', '1', 0xE8BF99E698AFE68891E79A84E7ACACE4B880E69DA1E695B0E68DAE, 'file/chrome.exe', '99', '1', '120', '8', 'img/QQ图片20170129134308.jpg', '4', '1', '中国万科近五年交易数据');
INSERT INTO `data_alldata` VALUES ('43', '2017-08-16 04:20:22.263000', 'file/ajaxFileUpload.zip', 'ajaxFileUpload.zip', '103.25KB', '1', 0xE8BF99E698AFE7ACACE4BA8CE69DA1E695B0E68DAE, 'file/QQ图片20170129134308.jpg', '50', '0', '', '7', 'img/QQ图片20170129134308_IhbGJSE.jpg', '4', '1', '近十年养老院老人数量');
INSERT INTO `data_alldata` VALUES ('55', '2017-08-16 07:29:31.376000', 'file/3070驱动.rar', '3070驱动.rar', '25.71MB', '0', 0xE8BF99E698AFE7ACACE4B889E69DA1E695B0E68DAE, 'file/ajaxFileUpload_IhdW3aL.zip', '890', '1', '52', '7', 'img/QQ图片20170129134308_XGQ2ENr.jpg', '4', '1', '淘宝近两年用户数据');
INSERT INTO `data_alldata` VALUES ('58', '2017-08-16 07:47:02.855000', 'file/QQ图片20170129134308_j3Qw8k5.jpg', 'QQ图片20170129134308.jpg', '184.17KB', '1', 0xE795A5, 'file/QQ图片20170129134308_tAHeaXm.jpg', '33', '0', '', '1', 'img/QQ图片20170129134308_juZqWAa.jpg', '4', '1', '审核中数据');
INSERT INTO `data_alldata` VALUES ('61', '2017-08-16 07:47:29.542000', 'file/QQ图片20170129134308_7D2070j.jpg', 'QQ图片20170129134308.jpg', '184.17KB', '1', 0xE795A5, 'file/QQ图片20170129134308_TZmjvys.jpg', '55', '0', '', '1', 'img/QQ图片20170129134308_dADtkMx.jpg', '4', '1', '已取消数据');
INSERT INTO `data_alldata` VALUES ('65', '2017-08-16 12:02:47.529000', 'file/QQ图片20170129134308_KkBPSdI.jpg', 'QQ图片20170129134308.jpg', '184.17KB', '1', 0x31, 'file/QQ图片20170129134308_tTAhvl0.jpg', '33', '0', '', '1', 'img/QQ图片20170129134308_Ky9IdIg.jpg', '4', '1', '上传');

-- ----------------------------
-- Table structure for data_buydata
-- ----------------------------
DROP TABLE IF EXISTS `data_buydata`;
CREATE TABLE `data_buydata` (
  `id` int(11) NOT NULL AUTO_INCREMENT,
  `post_time` datetime(6) NOT NULL,
  `price` int(11) NOT NULL,
  `buyer_id` int(11) DEFAULT NULL,
  `data_id` int(11) DEFAULT NULL,
  PRIMARY KEY (`id`),
  KEY `data_buydata_buyer_id_32c699b5_fk_auth_user_id` (`buyer_id`),
  KEY `data_buydata_data_id_e6ca99d_fk_data_alldata_id` (`data_id`),
  CONSTRAINT `data_buydata_buyer_id_32c699b5_fk_auth_user_id` FOREIGN KEY (`buyer_id`) REFERENCES `auth_user` (`id`),
  CONSTRAINT `data_buydata_data_id_e6ca99d_fk_data_alldata_id` FOREIGN KEY (`data_id`) REFERENCES `data_alldata` (`id`)
) ENGINE=InnoDB AUTO_INCREMENT=25 DEFAULT CHARSET=utf8 COLLATE=utf8_bin;

-- ----------------------------
-- Records of data_buydata
-- ----------------------------
INSERT INTO `data_buydata` VALUES ('18', '2017-08-23 09:18:27.375000', '99', '4', '40');
INSERT INTO `data_buydata` VALUES ('19', '2017-08-23 09:18:28.263000', '50', '4', '43');

-- ----------------------------
-- Table structure for data_datastate
-- ----------------------------
DROP TABLE IF EXISTS `data_datastate`;
CREATE TABLE `data_datastate` (
  `id` int(11) NOT NULL AUTO_INCREMENT,
  `state` int(11) NOT NULL,
  `detail` longtext COLLATE utf8_bin,
  `dataid_id` int(11) NOT NULL,
  `owner_id` int(11) DEFAULT NULL,
  PRIMARY KEY (`id`),
  KEY `data_datastate_dataid_id_499986b1_fk_data_alldata_id` (`dataid_id`),
  KEY `data_datastate_owner_id_6a5e105e_fk_auth_user_id` (`owner_id`),
  CONSTRAINT `data_datastate_dataid_id_499986b1_fk_data_alldata_id` FOREIGN KEY (`dataid_id`) REFERENCES `data_alldata` (`id`),
  CONSTRAINT `data_datastate_owner_id_6a5e105e_fk_auth_user_id` FOREIGN KEY (`owner_id`) REFERENCES `auth_user` (`id`)
) ENGINE=InnoDB AUTO_INCREMENT=11 DEFAULT CHARSET=utf8 COLLATE=utf8_bin;

-- ----------------------------
-- Records of data_datastate
-- ----------------------------
INSERT INTO `data_datastate` VALUES ('2', '1', null, '40', '4');
INSERT INTO `data_datastate` VALUES ('3', '1', null, '43', '4');
INSERT INTO `data_datastate` VALUES ('7', '1', null, '55', '4');
INSERT INTO `data_datastate` VALUES ('8', '0', null, '58', '4');
INSERT INTO `data_datastate` VALUES ('9', '-1', 0xE68891E4B99FE5BE88E5A587E680AAE5958A, '61', '4');
INSERT INTO `data_datastate` VALUES ('10', '0', null, '65', '4');

-- ----------------------------
-- Table structure for django_admin_log
-- ----------------------------
DROP TABLE IF EXISTS `django_admin_log`;
CREATE TABLE `django_admin_log` (
  `id` int(11) NOT NULL AUTO_INCREMENT,
  `action_time` datetime(6) NOT NULL,
  `object_id` longtext COLLATE utf8_bin,
  `object_repr` varchar(200) COLLATE utf8_bin NOT NULL,
  `action_flag` smallint(5) unsigned NOT NULL,
  `change_message` longtext COLLATE utf8_bin NOT NULL,
  `content_type_id` int(11) DEFAULT NULL,
  `user_id` int(11) NOT NULL,
  PRIMARY KEY (`id`),
  KEY `django_admin__content_type_id_5151027a_fk_django_content_type_id` (`content_type_id`),
  KEY `django_admin_log_user_id_1c5f563_fk_auth_user_id` (`user_id`),
  CONSTRAINT `django_admin__content_type_id_5151027a_fk_django_content_type_id` FOREIGN KEY (`content_type_id`) REFERENCES `django_content_type` (`id`),
  CONSTRAINT `django_admin_log_user_id_1c5f563_fk_auth_user_id` FOREIGN KEY (`user_id`) REFERENCES `auth_user` (`id`)
) ENGINE=InnoDB AUTO_INCREMENT=3 DEFAULT CHARSET=utf8 COLLATE=utf8_bin;

-- ----------------------------
-- Records of django_admin_log
-- ----------------------------
INSERT INTO `django_admin_log` VALUES ('1', '2017-07-27 07:38:28.714000', 0x3330, 'root2', '1', '', '4', '29');
INSERT INTO `django_admin_log` VALUES ('2', '2017-07-27 07:41:27.587000', 0x3330, 'root2', '2', 0x4368616E6765642069735F73746166662E, '4', '29');

-- ----------------------------
-- Table structure for django_content_type
-- ----------------------------
DROP TABLE IF EXISTS `django_content_type`;
CREATE TABLE `django_content_type` (
  `id` int(11) NOT NULL AUTO_INCREMENT,
  `app_label` varchar(100) COLLATE utf8_bin NOT NULL,
  `model` varchar(100) COLLATE utf8_bin NOT NULL,
  PRIMARY KEY (`id`),
  UNIQUE KEY `django_content_type_app_label_3ec8c61c_uniq` (`app_label`,`model`)
) ENGINE=InnoDB AUTO_INCREMENT=13 DEFAULT CHARSET=utf8 COLLATE=utf8_bin;

-- ----------------------------
-- Records of django_content_type
-- ----------------------------
INSERT INTO `django_content_type` VALUES ('8', 'account', 'company');
INSERT INTO `django_content_type` VALUES ('7', 'account', 'person');
INSERT INTO `django_content_type` VALUES ('1', 'admin', 'logentry');
INSERT INTO `django_content_type` VALUES ('3', 'auth', 'group');
INSERT INTO `django_content_type` VALUES ('2', 'auth', 'permission');
INSERT INTO `django_content_type` VALUES ('4', 'auth', 'user');
INSERT INTO `django_content_type` VALUES ('5', 'contenttypes', 'contenttype');
INSERT INTO `django_content_type` VALUES ('10', 'data', 'alldata');
INSERT INTO `django_content_type` VALUES ('12', 'data', 'buydata');
INSERT INTO `django_content_type` VALUES ('11', 'data', 'datastate');
INSERT INTO `django_content_type` VALUES ('9', 'news', 'news');
INSERT INTO `django_content_type` VALUES ('6', 'sessions', 'session');

-- ----------------------------
-- Table structure for django_migrations
-- ----------------------------
DROP TABLE IF EXISTS `django_migrations`;
CREATE TABLE `django_migrations` (
  `id` int(11) NOT NULL AUTO_INCREMENT,
  `app` varchar(255) COLLATE utf8_bin NOT NULL,
  `name` varchar(255) COLLATE utf8_bin NOT NULL,
  `applied` datetime(6) NOT NULL,
  PRIMARY KEY (`id`)
) ENGINE=InnoDB AUTO_INCREMENT=24 DEFAULT CHARSET=utf8 COLLATE=utf8_bin;

-- ----------------------------
-- Records of django_migrations
-- ----------------------------
INSERT INTO `django_migrations` VALUES ('1', 'account', '0001_initial', '2017-07-20 09:09:57.490000');
INSERT INTO `django_migrations` VALUES ('2', 'contenttypes', '0001_initial', '2017-07-20 09:09:57.578000');
INSERT INTO `django_migrations` VALUES ('3', 'auth', '0001_initial', '2017-07-20 09:09:58.188000');
INSERT INTO `django_migrations` VALUES ('4', 'admin', '0001_initial', '2017-07-20 09:09:58.346000');
INSERT INTO `django_migrations` VALUES ('5', 'contenttypes', '0002_remove_content_type_name', '2017-07-20 09:09:58.523000');
INSERT INTO `django_migrations` VALUES ('6', 'auth', '0002_alter_permission_name_max_length', '2017-07-20 09:09:58.590000');
INSERT INTO `django_migrations` VALUES ('7', 'auth', '0003_alter_user_email_max_length', '2017-07-20 09:09:58.657000');
INSERT INTO `django_migrations` VALUES ('8', 'auth', '0004_alter_user_username_opts', '2017-07-20 09:09:58.674000');
INSERT INTO `django_migrations` VALUES ('9', 'auth', '0005_alter_user_last_login_null', '2017-07-20 09:09:58.755000');
INSERT INTO `django_migrations` VALUES ('10', 'auth', '0006_require_contenttypes_0002', '2017-07-20 09:09:58.760000');
INSERT INTO `django_migrations` VALUES ('11', 'sessions', '0001_initial', '2017-07-20 09:09:58.836000');
INSERT INTO `django_migrations` VALUES ('12', 'account', '0002_auto_20170721_1804', '2017-07-21 10:04:34.939000');
INSERT INTO `django_migrations` VALUES ('13', 'news', '0001_initial', '2017-08-07 06:06:41.361000');
INSERT INTO `django_migrations` VALUES ('14', 'data', '0001_initial', '2017-08-15 13:47:31.721000');
INSERT INTO `django_migrations` VALUES ('15', 'data', '0002_mydata_owner', '2017-08-15 13:47:31.853000');
INSERT INTO `django_migrations` VALUES ('16', 'data', '0003_auto_20170815_2146', '2017-08-15 13:47:31.901000');
INSERT INTO `django_migrations` VALUES ('17', 'data', '0004_alldata_isaval', '2017-08-15 23:59:06.495000');
INSERT INTO `django_migrations` VALUES ('18', 'data', '0005_auto_20170816_0930', '2017-08-16 01:30:37.992000');
INSERT INTO `django_migrations` VALUES ('19', 'data', '0006_datastate', '2017-08-16 02:25:12.091000');
INSERT INTO `django_migrations` VALUES ('20', 'data', '0007_alldata_dataname', '2017-08-16 03:50:00.562000');
INSERT INTO `django_migrations` VALUES ('21', 'data', '0008_buydata', '2017-08-23 08:01:49.425000');
INSERT INTO `django_migrations` VALUES ('22', 'data', '0009_auto_20170823_1618', '2017-08-23 08:19:00.180000');
INSERT INTO `django_migrations` VALUES ('23', 'data', '0010_auto_20170823_1652', '2017-08-23 08:52:45.508000');

-- ----------------------------
-- Table structure for django_session
-- ----------------------------
DROP TABLE IF EXISTS `django_session`;
CREATE TABLE `django_session` (
  `session_key` varchar(40) COLLATE utf8_bin NOT NULL,
  `session_data` longtext COLLATE utf8_bin NOT NULL,
  `expire_date` datetime(6) NOT NULL,
  PRIMARY KEY (`session_key`),
  KEY `django_session_de54fa62` (`expire_date`)
) ENGINE=InnoDB DEFAULT CHARSET=utf8 COLLATE=utf8_bin;

-- ----------------------------
-- Records of django_session
-- ----------------------------
INSERT INTO `django_session` VALUES ('ergol5t5i62prfi38j70bts32bt3wvke', 0x4E7A4530596D4E6D4D474E6B4D325A6C4F4449794D6D4E6D596D4D795A6D4D774E7A566D4E5455794F4455775A6A51774D446B324D6A7037496C39686458526F5833567A5A584A666147467A61434936496A6C6C596A51794D7A566A5A444D7A5A546C695A5449344E4755334F4455795A6A6B354E6A42685A5451354E6A637A4E32566B5A5455694C434A6659585630614639316332567958324A685932746C626D51694F694A6B616D46755A3238755932397564484A70596935686458526F4C6D4A685932746C626D527A4C6B31765A475673516D466A613256755A434973496C39686458526F5833567A5A584A66615751694F69497A4D434A39, '2017-08-21 11:05:29.728000');
INSERT INTO `django_session` VALUES ('f2rkwwk5bp9dt7iacr5deh3686y2e2zj', 0x4D4455314E44557A4E6D49345A545A6D5A574E6C4E575579596D59334D6D4D304D7A646B4D4755774D4759784F4455315A57466D4D7A7037496C39686458526F5833567A5A584A666147467A61434936496A597A4F5467344E6A646D4E6A6C6A5A54517A4D44526C4E7A49344D6D49774E5756684D6D51775A546B35597A59344D474A6B4D3259694C434A6659585630614639316332567958324A685932746C626D51694F694A6B616D46755A3238755932397564484A70596935686458526F4C6D4A685932746C626D527A4C6B31765A475673516D466A613256755A434973496C39686458526F5833567A5A584A66615751694F694930496E303D, '2017-08-28 04:48:12.000000');
INSERT INTO `django_session` VALUES ('nyulv02m5sbhpy0ukpfoml40ltlh5yxp', 0x4E7A4530596D4E6D4D474E6B4D325A6C4F4449794D6D4E6D596D4D795A6D4D774E7A566D4E5455794F4455775A6A51774D446B324D6A7037496C39686458526F5833567A5A584A666147467A61434936496A6C6C596A51794D7A566A5A444D7A5A546C695A5449344E4755334F4455795A6A6B354E6A42685A5451354E6A637A4E32566B5A5455694C434A6659585630614639316332567958324A685932746C626D51694F694A6B616D46755A3238755932397564484A70596935686458526F4C6D4A685932746C626D527A4C6B31765A475673516D466A613256755A434973496C39686458526F5833567A5A584A66615751694F69497A4D434A39, '2017-08-30 11:31:06.881000');
INSERT INTO `django_session` VALUES ('q6hbb3hn5trk7iur2uqvzcdo8v2lfaid', 0x4D4455314E44557A4E6D49345A545A6D5A574E6C4E575579596D59334D6D4D304D7A646B4D4755774D4759784F4455315A57466D4D7A7037496C39686458526F5833567A5A584A666147467A61434936496A597A4F5467344E6A646D4E6A6C6A5A54517A4D44526C4E7A49344D6D49774E5756684D6D51775A546B35597A59344D474A6B4D3259694C434A6659585630614639316332567958324A685932746C626D51694F694A6B616D46755A3238755932397564484A70596935686458526F4C6D4A685932746C626D527A4C6B31765A475673516D466A613256755A434973496C39686458526F5833567A5A584A66615751694F694930496E303D, '2017-09-05 14:28:09.881000');
INSERT INTO `django_session` VALUES ('w7aldpn1tpk0nhqr4m58capdnnutf8ta', 0x4E7A4530596D4E6D4D474E6B4D325A6C4F4449794D6D4E6D596D4D795A6D4D774E7A566D4E5455794F4455775A6A51774D446B324D6A7037496C39686458526F5833567A5A584A666147467A61434936496A6C6C596A51794D7A566A5A444D7A5A546C695A5449344E4755334F4455795A6A6B354E6A42685A5451354E6A637A4E32566B5A5455694C434A6659585630614639316332567958324A685932746C626D51694F694A6B616D46755A3238755932397564484A70596935686458526F4C6D4A685932746C626D527A4C6B31765A475673516D466A613256755A434973496C39686458526F5833567A5A584A66615751694F69497A4D434A39, '2017-08-28 11:02:22.000000');

-- ----------------------------
-- Table structure for news_news
-- ----------------------------
DROP TABLE IF EXISTS `news_news`;
CREATE TABLE `news_news` (
  `id` int(11) NOT NULL AUTO_INCREMENT,
  `title` varchar(50) COLLATE utf8_bin NOT NULL,
  `content` longtext COLLATE utf8_bin NOT NULL,
  `date` varchar(20) COLLATE utf8_bin NOT NULL,
  `type` varchar(10) COLLATE utf8_bin NOT NULL,
  `author` varchar(20) COLLATE utf8_bin NOT NULL,
  PRIMARY KEY (`id`)
) ENGINE=InnoDB AUTO_INCREMENT=7 DEFAULT CHARSET=utf8 COLLATE=utf8_bin;

-- ----------------------------
-- Records of news_news
-- ----------------------------
INSERT INTO `news_news` VALUES ('1', '2017哈工大“大数据与商务分析”国际暑期学校圆满结业', 0x3C6831207374796C653D22746578742D616C69676E3A2063656E7465723B223E3C62723E3C2F68313E3C703E266E6273703B20266E6273703B20266E6273703B37E69C883131E697A5EFBC8CE4B8BAE69C9F38E5A4A9E79A84E59388E5B7A5E5A4A7E2809CE5A4A7E695B0E68DAEE4B88EE59586E58AA1E58886E69E90E2809DE59BBDE99985E69A91E69C9FE5ADA6E6A0A1E59CA8E59388E5B7A5E5A4A7E7A791E5ADA6E59BADE4B8BEE8A18CE4BA86E7BB93E4B89AE585B8E7A4BCE38082E6ADA4E6ACA1E59BBDE99985E69A91E69C9FE5ADA6E6A0A1E794B1E59388E5B7A5E5A4A7E7AEA1E79086E5ADA6E999A2E4B8BBE58A9EEFBC8CE98280E8AFB7E588B0E585A8E79083E88C83E59BB4E58685E4BFA1E681AFE7B3BBE7BB9FE58F8AE79BB8E585B3E9A286E59F9FE79A84E8B584E6B7B1E5ADA6E88085E5928CE4B89AE7958CE4B893E5AEB6E4BD9CE4B8BAE68E88E8AFBEE8AEB2E5B888EFBC8CE8AEB2E68E88E5A4A7E695B0E68DAEE79A84E58F91E5B195E696B9E59091E4B88EE5898DE6B2BFE4B893E9A298EFBC8CE697A8E59CA8E4B8BAE5B9BFE5A4A7E99D92E5B9B4E5ADA6E88085E5928CE5ADA6E7949FE4BBACE68F90E4BE9BE59091E4B880E6B581E5ADA6E88085E5ADA6E4B9A0E38081E7B3BBE7BB9FE68F90E9AB98E7A094E7A9B6E6B0B4E5B9B3E79A84E69CBAE4BC9AE38082E5908CE697B6E69E84E5BBBAE4B880E4B8AAE79BB8E4BA92E5ADA6E4B9A0E5928CE4BAA4E6B581E79A84E5B9B3E58FB0EFBC8CE5B8AEE58AA9E59BBDE58685E5A496E5ADA6E88085E5BBBAE7AB8BE995BFE69C9FE79A84E59088E4BD9CE585B3E7B3BBEFBC8CE4BF83E8BF9BE9AB98E6B0B4E5B9B3E5ADA6E69CAFE7A094E7A9B6E380823C2F703E3C703E3C696D6720636C6173733D2266722D66696E2220646174612D66722D696D6167652D707265766965773D2266616C73652220616C743D22496D616765207469746C6522207372633D22687474703A2F2F7379792E66726565702E636E2F3538383034392F5151E59BBEE7898732303137303132393133343330382E6A7067222077696474683D22343936223E3C2F703E3C703E3C62723E3C2F703E3C703E3C7370616E207374796C653D22626F782D73697A696E673A20626F726465722D626F783B20666F6E742D66616D696C793A20E5AE8BE4BD933B20666F6E742D73697A653A20313870783B223E266E6273703B266E6273703BE7BB8FE8BF87E585A8E79083E88C83E59BB4E58685E981B4E98089EFBC8C3C2F7370616E3E3C7370616E207374796C653D22626F782D73697A696E673A20626F726465722D626F783B20666F6E742D66616D696C793A20E5AE8BE4BD933B223E266E6273703B323031373C2F7370616E3E3C7370616E207374796C653D22626F782D73697A696E673A20626F726465722D626F783B20666F6E742D66616D696C793A20E5AE8BE4BD933B20666F6E742D73697A653A20313870783B223EE5B9B4E69A91E69C9FE5ADA6E6A0A1E585B1E69C89E9AB98E6A0A1E69599E5B888E38081E4BC81E4B89AE4BABAE59198E38081E59CA8E6A0A1E5ADA6E7949F3C2F7370616E3E3C7370616E207374796C653D22626F782D73697A696E673A20626F726465722D626F783B20666F6E742D66616D696C793A20E5AE8BE4BD933B223E3233313C2F7370616E3E3C7370616E207374796C653D22626F782D73697A696E673A20626F726465722D626F783B20666F6E742D66616D696C793A20E5AE8BE4BD933B20666F6E742D73697A653A20313870783B223EE4BABA3C2F7370616E3E3C7370616E207374796C653D22626F782D73697A696E673A20626F726465722D626F783B20666F6E742D66616D696C793A20E5AE8BE4BD933B223EE5928C3C2F7370616E3E3C7370616E207374796C653D22626F782D73697A696E673A20626F726465722D626F783B20666F6E742D66616D696C793A20E5AE8BE4BD933B20666F6E742D73697A653A20313870783B223EE69DA5E887AAE7BE8EE59BBDE38081E88BB1E59BBDE38081E6BEB3E5A4A7E588A9E4BA9AE38081E99FA9E59BBDE38081E4B8ADE59BBDE7AD89E59CB0E79A843C2F7370616E3E3C7370616E207374796C653D22626F782D73697A696E673A20626F726465722D626F783B20666F6E742D66616D696C793A20E5AE8BE4BD933B223E36393C2F7370616E3E3C7370616E207374796C653D22626F782D73697A696E673A20626F726465722D626F783B20666F6E742D66616D696C793A20E5AE8BE4BD933B20666F6E742D73697A653A20313870783B223EE4BD99E5AEB6E9AB98E6A0A1E38081E4BC81E4B89AE58D95E4BD8D3C2F7370616E3E3C7370616E207374796C653D22626F782D73697A696E673A20626F726465722D626F783B20666F6E742D66616D696C793A20E5AE8BE4BD933B223EE4B880E5908CE58F82E58AA03C2F7370616E3E3C7370616E207374796C653D22626F782D73697A696E673A20626F726465722D626F783B20666F6E742D66616D696C793A20E5AE8BE4BD933B20666F6E742D73697A653A20313870783B223EE38082E59388E5B7A5E5A4A7E5A4A7E695B0E68DAEE99B86E59BA2E4BD9CE4B8BAE59088E4BD9CE58D95E4BD8DE59CA8E6B4BBE58AA8E4B8ADE585A8E99DA2E4BAAEE79BB8EFBC8C3C2F7370616E3E3C7370616E207374796C653D22626F782D73697A696E673A20626F726465722D626F783B20636F6C6F723A207267622836322C2036322C203632293B20666F6E742D7374796C653A206E6F726D616C3B20666F6E742D76617269616E742D6C69676174757265733A206E6F726D616C3B20666F6E742D76617269616E742D636170733A206E6F726D616C3B20666F6E742D7765696768743A206E6F726D616C3B206C65747465722D73706163696E673A206E6F726D616C3B206F727068616E733A20323B20746578742D616C69676E3A206A7573746966793B20746578742D696E64656E743A20323970783B20746578742D7472616E73666F726D3A206E6F6E653B2077686974652D73706163653A206E6F726D616C3B207769646F77733A20323B20776F72642D73706163696E673A203070783B202D7765626B69742D746578742D7374726F6B652D77696474683A203070783B20746578742D6465636F726174696F6E2D7374796C653A20696E697469616C3B20746578742D6465636F726174696F6E2D636F6C6F723A20696E697469616C3B20666F6E742D66616D696C793A20E5AE8BE4BD933B206C696E652D6865696768743A20333070783B20666F6E742D73697A653A20313870783B223EE99B86E59BA2E4BABAE58A9BE8B584E6BA90E680BBE79B91E585BCE5889BE696B0E4B8ADE5BF83E8B49FE8B4A3E4BABAE891A3E699AFE8958AE587BAE5B8ADE7BB93E4B89AE585B8E7A4BCE380823C2F7370616E3E3C62723E3C2F703E3C703E3C62723E3C2F703E, '2016-08-01', '市场新闻', '江枫');
INSERT INTO `news_news` VALUES ('2', 'sdsa', 0x3C6831207374796C653D22746578742D616C69676E3A2063656E7465723B223E3C7370616E207374796C653D226261636B67726F756E642D636F6C6F723A20234343434343433B20636F6C6F723A207267622833322C2031382C203137293B20666F6E742D73697A653A20323870783B2220646174612D66722D76657269666965643D2274727565223E32303137E59388E5B7A53C7374726F6E673EE5A4A7E2809CE5A4A7E695B0E68DAEE4B88EE59586E58AA1E58886E69E90E2809DE59BBDE99985E69A91E69C9FE5ADA6E6A0A1E59C86E6BBA1E7BB93E4B89A3C2F7374726F6E673E3C2F7370616E3E3C2F68313E3C703E3C62723E3C2F703E3C703E266E6273703B266E6273703B266E6273703B266E6273703B266E6273703B266E6273703B266E6273703B37E69C883131E697A5EFBC8CE4B8BAE69C9F38E5A4A9E79A84E59388E5B7A5E5A4A7E2809CE5A4A7E695B0E68DAEE4B88EE59586E58AA1E58886E69E90E2809DE59BBDE99985E69A91E69C9FE5ADA6E6A0A1E59CA8E59388E5B7A5E5A4A7E7A791E5ADA6E59BADE4B8BEE8A18CE4BA86E7BB93E4B89AE585B8E7A4BCE38082E6ADA4E6ACA1E59BBDE99985E69A91E69C9FE5ADA6E6A0A1E794B1E59388E5B7A5E5A4A7E7AEA1E79086E5ADA6E999A2E4B8BBE58A9EEFBC8CE98280E8AFB7E588B0E585A8E79083E88C83E59BB4E58685E4BFA1E681AFE7B3BBE7BB9FE58F8AE79BB8E585B3E9A286E59F9FE79A84E8B584E6B7B1E5ADA6E88085E5928CE4B89AE7958CE4B893E5AEB6E4BD9CE4B8BAE68E88E8AFBEE8AEB2E5B888EFBC8CE8AEB2E68E88E5A4A7E695B0E68DAEE79A84E58F91E5B195E696B9E59091E4B88EE5898DE6B2BFE4B893E9A298EFBC8CE697A8E59CA8E4B8BAE5B9BFE5A4A7E99D92E5B9B4E5ADA6E88085E5928CE5ADA6E7949FE4BBACE68F90E4BE9BE59091E4B880E6B581E5ADA6E88085E5ADA6E4B9A0E38081E7B3BBE7BB9FE68F90E9AB98E7A094E7A9B6E6B0B4E5B9B3E79A84E69CBAE4BC9AE38082E5908CE697B6E69E84E5BBBAE4B880E4B8AAE79BB8E4BA92E5ADA6E4B9A0E5928CE4BAA4E6B581E79A84E5B9B3E58FB0EFBC8CE5B8AEE58AA9E59BBDE58685E5A496E5ADA6E88085E5BBBAE7AB8BE995BFE69C9FE79A84E59088E4BD9CE585B3E7B3BBEFBC8CE4BF83E8BF9BE9AB98E6B0B4E5B9B3E5ADA6E69CAFE7A094E7A9B6E380823C2F703E3C703E3C696D6720636C6173733D2266722D66696E2220646174612D66722D696D6167652D707265766965773D2266616C73652220616C743D22496D616765207469746C6522207372633D22687474703A2F2F7379792E66726565702E636E2F3538383034392F5151E59BBEE7898732303137303132393133343330382E6A7067222077696474683D22343936223E3C2F703E3C703E3C62723E3C2F703E3C703E3C7370616E207374796C653D22626F782D73697A696E673A20626F726465722D626F783B20666F6E742D66616D696C793A20E5AE8BE4BD933B20666F6E742D73697A653A20313870783B2220646174612D66722D76657269666965643D2274727565223E266E6273703B266E6273703BE7BB8FE8BF87E585A8E79083E88C83E59BB4E58685E981B4E98089EFBC8C3C2F7370616E3E3C7370616E207374796C653D22626F782D73697A696E673A20626F726465722D626F783B20666F6E742D66616D696C793A20E5AE8BE4BD933B2220646174612D66722D76657269666965643D2274727565223E266E6273703B323031373C2F7370616E3E3C7370616E207374796C653D22626F782D73697A696E673A20626F726465722D626F783B20666F6E742D66616D696C793A20E5AE8BE4BD933B20666F6E742D73697A653A20313870783B2220646174612D66722D76657269666965643D2274727565223EE5B9B4E69A91E69C9FE5ADA6E6A0A1E585B1E69C89E9AB98E6A0A1E69599E5B888E38081E4BC81E4B89AE4BABAE59198E38081E59CA8E6A0A1E5ADA6E7949F3C2F7370616E3E3C7370616E207374796C653D22626F782D73697A696E673A20626F726465722D626F783B20666F6E742D66616D696C793A20E5AE8BE4BD933B2220646174612D66722D76657269666965643D2274727565223E3233313C2F7370616E3E3C7370616E207374796C653D22626F782D73697A696E673A20626F726465722D626F783B20666F6E742D66616D696C793A20E5AE8BE4BD933B20666F6E742D73697A653A20313870783B2220646174612D66722D76657269666965643D2274727565223EE4BABA3C2F7370616E3E3C7370616E207374796C653D22626F782D73697A696E673A20626F726465722D626F783B20666F6E742D66616D696C793A20E5AE8BE4BD933B2220646174612D66722D76657269666965643D2274727565223EE5928C3C2F7370616E3E3C7370616E207374796C653D22626F782D73697A696E673A20626F726465722D626F783B20666F6E742D66616D696C793A20E5AE8BE4BD933B20666F6E742D73697A653A20313870783B2220646174612D66722D76657269666965643D2274727565223EE69DA5E887AAE7BE8EE59BBDE38081E88BB1E59BBDE38081E6BEB3E5A4A7E588A9E4BA9AE38081E99FA9E59BBDE38081E4B8ADE59BBDE7AD89E59CB0E79A843C2F7370616E3E3C7370616E207374796C653D22626F782D73697A696E673A20626F726465722D626F783B20666F6E742D66616D696C793A20E5AE8BE4BD933B2220646174612D66722D76657269666965643D2274727565223E36393C2F7370616E3E3C7370616E207374796C653D22626F782D73697A696E673A20626F726465722D626F783B20666F6E742D66616D696C793A20E5AE8BE4BD933B20666F6E742D73697A653A20313870783B2220646174612D66722D76657269666965643D2274727565223EE4BD99E5AEB6E9AB98E6A0A1E38081E4BC81E4B89AE58D95E4BD8D3C2F7370616E3E3C7370616E207374796C653D22626F782D73697A696E673A20626F726465722D626F783B20666F6E742D66616D696C793A20E5AE8BE4BD933B2220646174612D66722D76657269666965643D2274727565223EE4B880E5908CE58F82E58AA03C2F7370616E3E3C7370616E207374796C653D22626F782D73697A696E673A20626F726465722D626F783B20666F6E742D66616D696C793A20E5AE8BE4BD933B20666F6E742D73697A653A20313870783B2220646174612D66722D76657269666965643D2274727565223EE38082E59388E5B7A5E5A4A7E5A4A7E695B0E68DAEE99B86E59BA2E4BD9CE4B8BAE59088E4BD9CE58D95E4BD8DE59CA8E6B4BBE58AA8E4B8ADE585A8E99DA2E4BAAEE79BB8EFBC8C3C2F7370616E3E3C7370616E207374796C653D22626F782D73697A696E673A20626F726465722D626F783B20636F6C6F723A207267622836322C2036322C203632293B20666F6E742D7374796C653A206E6F726D616C3B20666F6E742D76617269616E742D6C69676174757265733A206E6F726D616C3B20666F6E742D76617269616E742D636170733A206E6F726D616C3B20666F6E742D7765696768743A206E6F726D616C3B206C65747465722D73706163696E673A206E6F726D616C3B206F727068616E733A20323B20746578742D616C69676E3A206A7573746966793B20746578742D696E64656E743A20323970783B20746578742D7472616E73666F726D3A206E6F6E653B2077686974652D73706163653A206E6F726D616C3B207769646F77733A20323B20776F72642D73706163696E673A203070783B202D7765626B69742D746578742D7374726F6B652D77696474683A203070783B20746578742D6465636F726174696F6E2D7374796C653A20696E697469616C3B20746578742D6465636F726174696F6E2D636F6C6F723A20696E697469616C3B20666F6E742D66616D696C793A20E5AE8BE4BD933B206C696E652D6865696768743A20333070783B20666F6E742D73697A653A20313870783B2220646174612D66722D76657269666965643D2274727565223EE99B86E59BA2E4BABAE58A9BE8B584E6BA90E680BBE79B91E585BCE5889BE696B0E4B8ADE5BF83E8B49FE8B4A3E4BABAE891A3E699AFE8958AE587BAE5B8ADE7BB93E4B89AE585B8E7A4BCE380823C2F7370616E3E3C62723E3C2F703E3C703E3C62723E3C2F703E, '2016-09-25', '市场新闻', '');
INSERT INTO `news_news` VALUES ('3', 'sdsa', 0x3C6831207374796C653D22746578742D616C69676E3A2063656E7465723B223E3C7370616E207374796C653D226261636B67726F756E642D636F6C6F723A20234343434343433B20636F6C6F723A207267622833322C2031382C203137293B20666F6E742D73697A653A20323870783B2220646174612D66722D76657269666965643D2274727565223E32303137E59388E5B7A53C7374726F6E673EE5A4A7E2809CE5A4A7E695B0E68DAEE4B88EE59586E58AA1E58886E69E90E2809DE59BBDE99985E69A91E69C9FE5ADA6E6A0A1E59C86E6BBA1E7BB93E4B89A3C2F7374726F6E673E3C2F7370616E3E3C2F68313E3C703E3C62723E3C2F703E3C703E266E6273703B266E6273703B266E6273703B266E6273703B266E6273703B266E6273703B266E6273703B37E69C883131E697A5EFBC8CE4B8BAE69C9F38E5A4A9E79A84E59388E5B7A5E5A4A7E2809CE5A4A7E695B0E68DAEE4B88EE59586E58AA1E58886E69E90E2809DE59BBDE99985E69A91E69C9FE5ADA6E6A0A1E59CA8E59388E5B7A5E5A4A7E7A791E5ADA6E59BADE4B8BEE8A18CE4BA86E7BB93E4B89AE585B8E7A4BCE38082E6ADA4E6ACA1E59BBDE99985E69A91E69C9FE5ADA6E6A0A1E794B1E59388E5B7A5E5A4A7E7AEA1E79086E5ADA6E999A2E4B8BBE58A9EEFBC8CE98280E8AFB7E588B0E585A8E79083E88C83E59BB4E58685E4BFA1E681AFE7B3BBE7BB9FE58F8AE79BB8E585B3E9A286E59F9FE79A84E8B584E6B7B1E5ADA6E88085E5928CE4B89AE7958CE4B893E5AEB6E4BD9CE4B8BAE68E88E8AFBEE8AEB2E5B888EFBC8CE8AEB2E68E88E5A4A7E695B0E68DAEE79A84E58F91E5B195E696B9E59091E4B88EE5898DE6B2BFE4B893E9A298EFBC8CE697A8E59CA8E4B8BAE5B9BFE5A4A7E99D92E5B9B4E5ADA6E88085E5928CE5ADA6E7949FE4BBACE68F90E4BE9BE59091E4B880E6B581E5ADA6E88085E5ADA6E4B9A0E38081E7B3BBE7BB9FE68F90E9AB98E7A094E7A9B6E6B0B4E5B9B3E79A84E69CBAE4BC9AE38082E5908CE697B6E69E84E5BBBAE4B880E4B8AAE79BB8E4BA92E5ADA6E4B9A0E5928CE4BAA4E6B581E79A84E5B9B3E58FB0EFBC8CE5B8AEE58AA9E59BBDE58685E5A496E5ADA6E88085E5BBBAE7AB8BE995BFE69C9FE79A84E59088E4BD9CE585B3E7B3BBEFBC8CE4BF83E8BF9BE9AB98E6B0B4E5B9B3E5ADA6E69CAFE7A094E7A9B6E380823C2F703E3C703E3C696D6720636C6173733D2266722D66696E2220646174612D66722D696D6167652D707265766965773D2266616C73652220616C743D22496D616765207469746C6522207372633D22687474703A2F2F7379792E66726565702E636E2F3538383034392F5151E59BBEE7898732303137303132393133343330382E6A7067222077696474683D22343936223E3C2F703E3C703E3C62723E3C2F703E3C703E3C7370616E207374796C653D22626F782D73697A696E673A20626F726465722D626F783B20666F6E742D66616D696C793A20E5AE8BE4BD933B20666F6E742D73697A653A20313870783B2220646174612D66722D76657269666965643D2274727565223E266E6273703B266E6273703BE7BB8FE8BF87E585A8E79083E88C83E59BB4E58685E981B4E98089EFBC8C3C2F7370616E3E3C7370616E207374796C653D22626F782D73697A696E673A20626F726465722D626F783B20666F6E742D66616D696C793A20E5AE8BE4BD933B2220646174612D66722D76657269666965643D2274727565223E266E6273703B323031373C2F7370616E3E3C7370616E207374796C653D22626F782D73697A696E673A20626F726465722D626F783B20666F6E742D66616D696C793A20E5AE8BE4BD933B20666F6E742D73697A653A20313870783B2220646174612D66722D76657269666965643D2274727565223EE5B9B4E69A91E69C9FE5ADA6E6A0A1E585B1E69C89E9AB98E6A0A1E69599E5B888E38081E4BC81E4B89AE4BABAE59198E38081E59CA8E6A0A1E5ADA6E7949F3C2F7370616E3E3C7370616E207374796C653D22626F782D73697A696E673A20626F726465722D626F783B20666F6E742D66616D696C793A20E5AE8BE4BD933B2220646174612D66722D76657269666965643D2274727565223E3233313C2F7370616E3E3C7370616E207374796C653D22626F782D73697A696E673A20626F726465722D626F783B20666F6E742D66616D696C793A20E5AE8BE4BD933B20666F6E742D73697A653A20313870783B2220646174612D66722D76657269666965643D2274727565223EE4BABA3C2F7370616E3E3C7370616E207374796C653D22626F782D73697A696E673A20626F726465722D626F783B20666F6E742D66616D696C793A20E5AE8BE4BD933B2220646174612D66722D76657269666965643D2274727565223EE5928C3C2F7370616E3E3C7370616E207374796C653D22626F782D73697A696E673A20626F726465722D626F783B20666F6E742D66616D696C793A20E5AE8BE4BD933B20666F6E742D73697A653A20313870783B2220646174612D66722D76657269666965643D2274727565223EE69DA5E887AAE7BE8EE59BBDE38081E88BB1E59BBDE38081E6BEB3E5A4A7E588A9E4BA9AE38081E99FA9E59BBDE38081E4B8ADE59BBDE7AD89E59CB0E79A843C2F7370616E3E3C7370616E207374796C653D22626F782D73697A696E673A20626F726465722D626F783B20666F6E742D66616D696C793A20E5AE8BE4BD933B2220646174612D66722D76657269666965643D2274727565223E36393C2F7370616E3E3C7370616E207374796C653D22626F782D73697A696E673A20626F726465722D626F783B20666F6E742D66616D696C793A20E5AE8BE4BD933B20666F6E742D73697A653A20313870783B2220646174612D66722D76657269666965643D2274727565223EE4BD99E5AEB6E9AB98E6A0A1E38081E4BC81E4B89AE58D95E4BD8D3C2F7370616E3E3C7370616E207374796C653D22626F782D73697A696E673A20626F726465722D626F783B20666F6E742D66616D696C793A20E5AE8BE4BD933B2220646174612D66722D76657269666965643D2274727565223EE4B880E5908CE58F82E58AA03C2F7370616E3E3C7370616E207374796C653D22626F782D73697A696E673A20626F726465722D626F783B20666F6E742D66616D696C793A20E5AE8BE4BD933B20666F6E742D73697A653A20313870783B2220646174612D66722D76657269666965643D2274727565223EE38082E59388E5B7A5E5A4A7E5A4A7E695B0E68DAEE99B86E59BA2E4BD9CE4B8BAE59088E4BD9CE58D95E4BD8DE59CA8E6B4BBE58AA8E4B8ADE585A8E99DA2E4BAAEE79BB8EFBC8C3C2F7370616E3E3C7370616E207374796C653D22626F782D73697A696E673A20626F726465722D626F783B20636F6C6F723A207267622836322C2036322C203632293B20666F6E742D7374796C653A206E6F726D616C3B20666F6E742D76617269616E742D6C69676174757265733A206E6F726D616C3B20666F6E742D76617269616E742D636170733A206E6F726D616C3B20666F6E742D7765696768743A206E6F726D616C3B206C65747465722D73706163696E673A206E6F726D616C3B206F727068616E733A20323B20746578742D616C69676E3A206A7573746966793B20746578742D696E64656E743A20323970783B20746578742D7472616E73666F726D3A206E6F6E653B2077686974652D73706163653A206E6F726D616C3B207769646F77733A20323B20776F72642D73706163696E673A203070783B202D7765626B69742D746578742D7374726F6B652D77696474683A203070783B20746578742D6465636F726174696F6E2D7374796C653A20696E697469616C3B20746578742D6465636F726174696F6E2D636F6C6F723A20696E697469616C3B20666F6E742D66616D696C793A20E5AE8BE4BD933B206C696E652D6865696768743A20333070783B20666F6E742D73697A653A20313870783B2220646174612D66722D76657269666965643D2274727565223EE99B86E59BA2E4BABAE58A9BE8B584E6BA90E680BBE79B91E585BCE5889BE696B0E4B8ADE5BF83E8B49FE8B4A3E4BABAE891A3E699AFE8958AE587BAE5B8ADE7BB93E4B89AE585B8E7A4BCE380823C2F7370616E3E3C62723E3C2F703E3C703E3C62723E3C2F703E, '2017-01-02', '市场新闻', '');
INSERT INTO `news_news` VALUES ('4', '新的测试', 0x3C70207374796C653D226D617267696E2D746F703A20313570783B206D617267696E2D626F74746F6D3A20313570783B2070616464696E673A203070783B206C696E652D6865696768743A2032656D3B20666F6E742D66616D696C793A202671756F743B4D6963726F736F66742059614865692671756F743B2C2075354641457538463646753936433575394544312C20417269616C2C2053696D53756E2C20753542384275344635333B2077686974652D73706163653A206E6F726D616C3B223E38E69C8832E697A5EFBC8CE4BAA4E9809AE8BF90E8BE9320E983A8E38081E4B8ADE5A4AEE5AEA3E4BCA0E983A8E7AD893130E983A8E997A8E88194E59088E587BAE58FB0E3808AE585B3E4BA8EE9BC93E58AB1E5928CE8A784E88C83E4BA92E88194E7BD91E7A79FE8B581E887AAE8A18CE8BDA6E58F91E5B195E79A84E68C87E5AFBCE6848FE8A781E3808BEFBC8CE3808AE68C87E5AFBCE6848FE8A781E3808BE6988EE7A1AEE8A681E6B182E8BF90E890A5E4BC81E4B89AE8A681E58AA0E5BCBAE7BABFE4B88AE7BABFE4B88BE69C8DE58AA1E883BDE58A9BE5BBBAE8AEBEEFBC8CE5AFB9E794A8E688B720E6B3A8E5868CE4BDBFE794A8E5AE9EE8A18CE5AE9EE5908DE588B6E7AEA1E79086E5B9B6E7ADBEE8AEA2E69C8DE58AA1E58D8FE8AEAEEFBC8CE6988EE7A4BAE8AEA1E8B4B9E696B9E5BC8FE5928CE6A087E58786EFBC8CE5BBBAE7AB8BE68A95E8AF89E5A484E79086E69CBAE588B6EFBC8CE4B8BAE794A8E688B7E8B4ADE4B9B0E4BABAE8BAABE6848FE5A496E4BCA4E5AEB3E999A9EFBC8CE7A681E6ADA2E59091E69CAAE6BBA13132E5B281E79A84E584BFE7ABA5E68F90E4BE9BE69C8DE58AA1E380823C2F703E3C70207374796C653D226D617267696E2D746F703A20313570783B206D617267696E2D626F74746F6D3A20313570783B2070616464696E673A203070783B206C696E652D6865696768743A2032656D3B20666F6E742D66616D696C793A202671756F743B4D6963726F736F66742059614865692671756F743B2C2075354641457538463646753936433575394544312C20417269616C2C2053696D53756E2C20753542384275344635333B2077686974652D73706163653A206E6F726D616C3B223EE38080E38080E8AFA6E7BB86E99885E8AFBB202667743B2667743B20E9878DE7A385EFBC81E4BAA4E9809AE8BF90E8BE93E983A8E7AD893130E983A8E997A8E88194E59088E587BAE58FB0E585B1E4BAABE58D95E8BDA6E58F91E5B195E68C87E5AFBCE6848FE8A7813C2F703E3C70207374796C653D22746578742D616C69676E3A2063656E7465723B223E3C696D67207372633D222F7374617469632F75706C6F61642F696D616765732F32303137303830373530313632373936383238322E67696622207469746C653D2232303137303830373530313632373936383238322E6769662220616C743D2232303137303830373530313632373936383238322E676966222F3E3C2F703E3C703E3C7370616E207374796C653D22666F6E742D66616D696C793A202671756F743B4D6963726F736F66742059614865692671756F743B2C2075354641457538463646753936433575394544312C20417269616C2C2053696D53756E2C20753542384275344635333B223EE69599E882B2E983A8E38081E6B091E694BFE983A8E7AD89E4B883E983A8E997A8E697A5E5898DE88194E59088E58DB0E58F91E3808AE7ACACE4BA8CE69C9FE789B9E6AE8AE69599E882B2E68F90E58D87E8AEA1E58892EFBC88323031372D32303230E5B9B4EFBC89E3808BEFBC8CE6988EE7A1AEE588B032303230E5B9B4EFBC8CE6AE8BE796BEE584BFE7ABA5E5B091E5B9B4E4B989E58AA1E69599E882B2E585A5E5ADA6E78E87E8BEBEE588B0393525E4BBA5E4B88AEFBC8CE99D9EE4B989E58AA1E69599E882B2E998B6E6AEB5E789B9E6AE8AE69599E882B2E8A784E6A8A1E698BEE89197E689A9E5A4A7EFBC8CE5B086E5AE9EE78EB0E6AE8BE796BEE584BFE7ABA5E5B091E5B9B4E4B989E58AA1E69599E882B2E79A84E585A8E99DA2E699AEE58F8AE380823C2F7370616E3E3C2F703E3C703E3C7370616E207374796C653D22666F6E742D66616D696C793A202671756F743B4D6963726F736F66742059614865692671756F743B2C2075354641457538463646753936433575394544312C20417269616C2C2053696D53756E2C20753542384275344635333B223E3C62722F3E3C2F7370616E3E3C2F703E3C703E3C7370616E207374796C653D22666F6E742D66616D696C793A202671756F743B4D6963726F736F66742059614865692671756F743B2C2075354641457538463646753936433575394544312C20417269616C2C2053696D53756E2C20753542384275344635333B223E3C696D67207372633D222F7374617469632F75706C6F61642F696D616765732F32303137303830373531313633373236383839332E6A706722207469746C653D2232303137303830373531313633373236383839332E6A70672220616C743D2232303137303830373531313633373236383839332E6A7067222077696474683D2237353522206865696768743D2235333222207374796C653D2277696474683A2037353570783B206865696768743A2035333270783B222F3E3C2F7370616E3E3C2F703E, '2017-08-25', '市场新闻', '按时大大说');
INSERT INTO `news_news` VALUES ('5', '发送到', 0x3C703EE4B8AAE59CB0E696B9E5AE983C696D67207372633D222F7374617469632F75706C6F61642F696D616765732F32303137303830373533313635363339363336322E6A706722207469746C653D2232303137303830373533313635363339363336322E6A70672220616C743D2232303137303830373533313635363339363336322E6A7067222F3E3C2F703E, ' 2017-09-08', '市场新闻', ' 方式');
INSERT INTO `news_news` VALUES ('6', '这是个标题', 0x3C703EE5A4A7E9A392E9A392E68C89E697B6E998BFE9809FE8BEBEE998BFE696AFE8BEBEE68980E5A49AE998BFE9809FE8BEBEE783ADE697A0E88BA5E7BEA4E697A0E7BB95E5BCAFE584BFE6B283E5B094E6B283E4BA8CE7BF81E783ADE6B1A1E69F93E697A0E88BA5266E6273703B3C696D67207372633D222F7374617469632F75706C6F61642F696D616765732F323031373038303730393138313739343133362E6A706722207469746C653D22323031373038303730393138313739343133362E6A70672220616C743D22323031373038303730393138313739343133362E6A7067222F3E3C2F703E, '2019-02-01', '行业新闻', '我');
